Datetime,Water Level (m)
2025-12-30 00:00:00,0.1848007
2025-12-30 01:00:00,0.14729048
2025-12-30 02:00:00,0.124157414
2025-12-30 03:00:00,0.094192415
2025-12-30 04:00:00,0.05730298
2025-12-30 05:00:00,0.022570161
2025-12-30 06:00:00,0.00057178154
2025-12-30 07:00:00,0.021720912
2025-12-30 08:00:00,0.097132854
2025-12-30 09:00:00,0.17767966
2025-12-30 10:00:00,0.20151407
2025-12-30 11:00:00,0.1917455
2025-12-30 12:00:00,0.1587537
2025-12-30 13:00:00,0.1450702
2025-12-30 14:00:00,0.12320447
2025-12-30 15:00:00,0.08466404
2025-12-30 16:00:00,0.045322318
2025-12-30 17:00:00,0.00950687
2025-12-30 18:00:00,-0.019820653
2025-12-30 19:00:00,-0.0028296493
2025-12-30 20:00:00,0.118662596
2025-12-30 21:00:00,0.22447027
2025-12-30 22:00:00,0.26963192
2025-12-30 23:00:00,0.32567015
2025-12-31 00:00:00,0.37156212
2025-12-31 01:00:00,0.35262114
2025-12-31 02:00:00,0.30539733
2025-12-31 03:00:00,0.2776366
2025-12-31 04:00:00,0.24283852
2025-12-31 05:00:00,0.20057198
2025-12-31 06:00:00,0.15636116
2025-12-31 07:00:00,0.11668827
2025-12-31 08:00:00,0.09942148
2025-12-31 09:00:00,0.14518376
2025-12-31 10:00:00,0.24099664
2025-12-31 11:00:00,0.2889465
2025-12-31 12:00:00,0.2607768
2025-12-31 13:00:00,0.21533363
2025-12-31 14:00:00,0.20712498
2025-12-31 15:00:00,0.18917769
2025-12-31 16:00:00,0.15044922
2025-12-31 17:00:00,0.10795046
2025-12-31 18:00:00,0.07004206
2025-12-31 19:00:00,0.03739887
2025-12-31 20:00:00,0.04250189
2025-12-31 21:00:00,0.16100463
2025-12-31 22:00:00,0.28166378
2025-12-31 23:00:00,0.33257642
2026-01-01 00:00:00,0.3861889
2026-01-01 01:00:00,0.44107062
2026-01-01 02:00:00,0.42960504
2026-01-01 03:00:00,0.3792569
2026-01-01 04:00:00,0.3487446
2026-01-01 05:00:00,0.3139092
2026-01-01 06:00:00,0.2681635
2026-01-01 07:00:00,0.22149597
2026-01-01 08:00:00,0.17812161
2026-01-01 09:00:00,0.15342784
2026-01-01 10:00:00,0.19843498
2026-01-01 11:00:00,0.3029076
2026-01-01 12:00:00,0.35515305
2026-01-01 13:00:00,0.33153892
2026-01-01 14:00:00,0.28190565
2026-01-01 15:00:00,0.26988754
2026-01-01 16:00:00,0.25249135
2026-01-01 17:00:00,0.21220712
2026-01-01 18:00:00,0.16818117
2026-01-01 19:00:00,0.12772888
2026-01-01 20:00:00,0.092470825
2026-01-01 21:00:00,0.09995384
2026-01-01 22:00:00,0.23230743
2026-01-01 23:00:00,0.35272938
2026-01-02 00:00:00,0.40159023
2026-01-02 01:00:00,0.46131346
2026-01-02 02:00:00,0.5110937
2026-01-02 03:00:00,0.49029067
2026-01-02 04:00:00,0.44006196
2026-01-02 05:00:00,0.40826905
2026-01-02 06:00:00,0.3696612
2026-01-02 07:00:00,0.31991804
2026-01-02 08:00:00,0.27048326
2026-01-02 09:00:00,0.2243764
2026-01-02 10:00:00,0.19951479
2026-01-02 11:00:00,0.25412744
2026-01-02 12:00:00,0.3635509
2026-01-02 13:00:00,0.40829614
2026-01-02 14:00:00,0.38342583
2026-01-02 15:00:00,0.33499432
2026-01-02 16:00:00,0.3210115
2026-01-02 17:00:00,0.30000615
2026-01-02 18:00:00,0.25744113
2026-01-02 19:00:00,0.21108192
2026-01-02 20:00:00,0.16845514
2026-01-02 21:00:00,0.13128175
2026-01-02 22:00:00,0.14619605
2026-01-02 23:00:00,0.29252407
2026-01-03 00:00:00,0.40571222
2026-01-03 01:00:00,0.4517965
2026-01-03 02:00:00,0.51358813
2026-01-03 03:00:00,0.5543512
2026-01-03 04:00:00,0.5185636
2026-01-03 05:00:00,0.47079948
2026-01-03 06:00:00,0.43670616
2026-01-03 07:00:00,0.3915938
2026-01-03 08:00:00,0.34151247
2026-01-03 09:00:00,0.28984314
2026-01-03 10:00:00,0.24296391
2026-01-03 11:00:00,0.22656842
2026-01-03 12:00:00,0.31050417
2026-01-03 13:00:00,0.42035675
2026-01-03 14:00:00,0.44476685
2026-01-03 15:00:00,0.4169575
2026-01-03 16:00:00,0.37152594
2026-01-03 17:00:00,0.3579453
2026-01-03 18:00:00,0.33116814
2026-01-03 19:00:00,0.28509074
2026-01-03 20:00:00,0.23705256
2026-01-03 21:00:00,0.19283465
2026-01-03 22:00:00,0.1567709
2026-01-03 23:00:00,0.19171135
2026-01-04 00:00:00,0.35137764
2026-01-04 01:00:00,0.4479494
2026-01-04 02:00:00,0.49194115
2026-01-04 03:00:00,0.5533525
2026-01-04 04:00:00,0.57574344
2026-01-04 05:00:00,0.5267707
2026-01-04 06:00:00,0.48574162
2026-01-04 07:00:00,0.4490792
2026-01-04 08:00:00,0.40075526
2026-01-04 09:00:00,0.34733796
2026-01-04 10:00:00,0.29579836
2026-01-04 11:00:00,0.2497027
2026-01-04 12:00:00,0.25279874
2026-01-04 13:00:00,0.36249387
2026-01-04 14:00:00,0.45484063
2026-01-04 15:00:00,0.461281
2026-01-04 16:00:00,0.42614853
2026-01-04 17:00:00,0.3874996
2026-01-04 18:00:00,0.37347853
2026-01-04 19:00:00,0.33941936
2026-01-04 20:00:00,0.29152232
2026-01-04 21:00:00,0.24323007
2026-01-04 22:00:00,0.19831671
2026-01-04 23:00:00,0.16525725
2026-01-05 00:00:00,0.22597475
